Region,Total Adults,Male Adults,Female Adults,Adults Aged 18-24,Adults Aged 25-44,Adults Aged 45-64,Adults Aged 65+,Number of people who accessed Private Emergency Accommodation,Number of people who accessed Supported Temporary Accommodation,Number of people who accessed Temporary Emergency Accommodation,Number of people who accessed Other Accommodation,Number of Families,Number of Adults in Families,Number of Single-Parent families,Number of Dependants in Families,Irish,EEA/UK,Non-EEA,Month,Year
Dublin,3919,2194,1725,609,2447,792,71,1631,2279,67,0,1191,1658,724,2509,,,,January,2018
Mid-East,290,171,119,46,163,77,4,153,114,23,0,33,46,20,90,,,,January,2018
Midlands,78,43,35,17,47,13,1,38,40,0,0,18,25,11,38,,,,January,2018
Mid-West,372,207,165,53,227,83,9,88,247,47,0,75,110,40,153,,,,January,2018
North-East,155,90,65,28,91,31,5,101,51,3,0,52,73,31,101,,,,January,2018
North-West,53,38,15,3,28,20,2,5,23,13,12,2,3,1,7,,,,January,2018
South-East,354,235,119,51,196,97,10,117,197,4,36,44,64,24,78,,,,January,2018
South-West,375,245,130,52,226,88,9,197,196,0,0,63,84,42,165,,,,January,2018
West,241,152,89,32,144,60,5,94,111,35,4,39,59,19,126,,,,January,2018
Dublin,4021,2238,1783,640,2509,802,70,1630,2377,66,0,1329,1846,812,2801,,,,February,2018
Mid-East,294,172,122,38,180,68,8,156,114,24,0,44,56,32,117,,,,February,2018
Midlands,85,44,41,16,57,11,1,46,39,0,0,27,38,16,60,,,,February,2018
Mid-West,378,230,148,54,231,85,8,100,232,49,0,82,122,42,160,,,,February,2018
North-East,155,89,66,25,96,28,6,100,53,2,0,63,92,34,155,,,,February,2018
North-West,53,39,14,2,32,18,1,8,22,13,10,4,6,2,11,,,,February,2018
South-East,378,249,129,59,199,109,11,143,193,4,38,50,74,26,83,,,,February,2018
South-West,434,266,168,70,263,94,7,263,181,0,0,91,128,54,222,,,,February,2018
West,254,155,99,34,143,70,7,112,121,24,4,49,69,29,146,,,,February,2018
Dublin,4107,2282,1825,643,2561,832,71,1740,2395,66,0,1329,1853,805,2780,,,,March,2018
Mid-East,319,177,142,46,183,81,9,170,124,25,0,56,70,42,143,,,,March,2018
Midlands,95,46,49,18,64,13,0,55,40,0,0,28,38,18,54,,,,March,2018
Mid-West,361,221,140,50,215,87,9,115,205,44,0,59,85,33,108,,,,March,2018
North-East,60,43,17,16,15,23,6,0,57,3,0,23,35,11,49,,,,March,2018
North-West,59,41,18,6,33,19,1,13,23,14,9,7,8,6,16,,,,March,2018
South-East,352,236,116,59,189,92,12,139,181,4,28,45,67,23,64,,,,March,2018
South-West,402,251,151,63,240,91,8,235,194,0,0,91,121,61,214,,,,March,2018
West,280,169,111,42,155,73,10,127,126,26,4,82,125,39,218,,,,March,2018
Dublin,4005,2199,1806,630,2460,844,71,1726,2323,66,0,1351,1899,803,2810,,,,April,2018
Mid-East,290,168,122,40,165,75,10,136,132,22,0,47,58,36,141,,,,April,2018
Midlands,105,53,52,22,62,21,0,63,42,0,0,30,41,19,75,,,,April,2018
Mid-West,363,220,143,52,212,88,11,118,201,44,0,66,89,43,127,,,,April,2018
North-East,128,68,60,15,75,33,5,73,54,1,0,19,26,12,45,,,,April,2018
North-West,59,41,18,6,37,15,1,10,26,12,11,3,4,2,8,,,,April,2018
South-East,298,209,89,56,160,73,9,71,194,4,29,30,36,24,62,,,,April,2018
South-West,424,262,162,61,253,99,11,253,186,0,0,86,119,53,205,,,,April,2018
West,291,175,116,42,168,72,9,139,151,0,3,80,124,36,216,,,,April,2018
Dublin,4062,2219,1843,638,2476,876,72,1712,2328,67,0,1338,1859,817,2886,,,,May,2018
Mid-East,282,159,123,35,168,71,8,114,146,22,0,48,60,36,130,,,,May,2018
Midlands,103,56,47,17,73,12,1,65,38,0,0,27,39,15,69,,,,May,2018
Mid-West,386,230,156,54,228,94,10,128,211,52,0,73,102,44,141,,,,May,2018
North-East,116,68,48,13,65,31,7,61,54,1,0,25,29,21,55,,,,May,2018
North-West,55,41,14,2,31,21,1,10,26,13,6,3,4,2,8,,,,May,2018
South-East,309,210,99,57,164,77,11,81,195,4,29,28,34,22,58,,,,May,2018
South-West,426,256,170,62,257,97,10,250,186,0,0,100,134,66,246,,,,May,2018
West,281,159,122,44,160,69,8,142,136,0,3,82,127,37,233,,,,May,2018
Dublin,4083,2227,1856,620,2505,884,74,1731,2326,68,0,1352,1878,826,2858,,,,June,2018
Mid-East,267,159,108,30,157,69,11,123,122,22,0,51,63,39,124,,,,June,2018
Midlands,100,54,46,21,59,19,1,62,38,0,0,25,36,14,70,,,,June,2018
Mid-West,386,228,158,55,228,90,13,131,202,53,0,84,115,53,173,,,,June,2018
North-East,129,71,58,10,80,32,7,75,53,1,0,24,28,20,54,,,,June,2018
North-West,49,35,14,4,23,21,1,9,24,12,4,4,6,2,9,,,,June,2018
South-East,314,209,105,61,167,79,7,90,192,3,29,38,45,31,72,,,,June,2018
South-West,428,246,182,72,252,95,9,266,177,0,0,93,127,59,257,,,,June,2018
West,292,164,128,39,177,69,7,150,138,0,4,83,129,37,207,,,,June,2018
Dublin,4097,2218,1879,612,2506,904,74,2352,2352,67,0,1367,1896,838,2894,,,,July,2018
Mid-East,248,145,103,28,145,63,115,111,111,22,0,51,63,39,129,,,,July,2018
Midlands,104,54,50,25,63,15,67,37,37,0,0,35,52,18,83,,,,July,2018
Mid-West,379,220,159,54,216,95,14,134,201,47,0,85,113,57,176,,,,July,2018
North-East,127,71,56,10,75,33,9,76,50,1,0,21,26,16,43,,,,July,2018
North-West,47,39,8,9,22,15,1,11,21,13,2,4,6,2,7,,,,July,2018
South-East,310,203,107,65,159,78,8,96,187,4,26,35,42,28,71,,,,July,2018
South-West,425,245,180,72,247,96,10,246,193,0,0,95,125,65,255,,,,July,2018
West,287,165,122,38,174,69,6,155,129,0,3,85,134,36,209,,,,July,2018
Dublin,3944,2147,1797,571,2398,899,76,1778,2183,65,0,1307,1821,793,2821,,,,August,2018
Mid-East,212,130,82,30,111,62,9,139,52,21,0,38,44,32,74,,,,August,2018
Midlands,104,51,53,23,69,11,1,65,39,0,0,38,54,22,87,,,,August,2018
Mid-West,370,229,141,49,213,95,13,122,203,45,0,79,107,51,162,,,,August,2018
North-East,132,79,53,13,77,34,8,71,60,1,0,28,34,22,62,,,,August,2018
North-West,67,48,19,14,36,16,1,22,26,15,5,6,9,3,15,,,,August,2018
South-East,317,212,105,65,165,79,8,112,188,4,13,36,43,29,71,,,,August,2018
South-West,430,242,188,72,249,100,9,257,202,0,0,98,132,64,247,,,,August,2018
West,258,149,109,38,145,71,4,142,113,0,3,68,106,30,154,,,,August,2018
Dublin,3940,2125,1815,578,2381,903,78,1787,2179,57,0,1326,1839,813,2869,,,,September,2018
Mid-East,221,131,90,25,140,53,3,152,65,4,0,45,58,32,106,,,,September,2018
Midlands,111,54,57,37,68,5,1,74,37,0,0,43,64,22,104,,,,September,2018
Mid-West,354,217,137,49,203,93,9,120,199,38,0,78,106,50,168,,,,September,2018
North-East,132,80,52,14,82,29,7,66,65,1,0,29,35,23,63,,,,September,2018
North-West,54,36,18,9,24,20,1,11,25,13,5,5,7,3,14,,,,September,2018
South-East,338,220,118,72,170,86,10,123,191,4,20,35,46,24,66,,,,September,2018
South-West,457,263,194,69,282,95,11,268,197,0,0,116,148,84,280,,,,September,2018
West,262,149,113,40,157,60,5,150,110,0,5,76,117,35,159,,,,September,2018
Dublin,4027,2191,1836,544,2454,950,79,1838,2180,64,0,1295,1810,780,2800,,,,October,2018
Mid-East,213,124,89,26,128,56,3,139,71,3,0,39,49,29,96,,,,October,2018
Midlands,102,51,51,24,60,15,3,65,37,0,0,37,52,22,81,,,,October,2018
Mid-West,369,231,138,52,208,101,8,123,200,46,0,73,97,49,156,,,,October,2018
North-East,133,83,50,13,81,32,7,56,74,3,0,23,31,15,59,,,,October,2018
North-West,57,36,21,10,27,19,1,17,25,12,3,10,15,5,19,,,,October,2018
South-East,347,225,122,70,175,92,10,125,198,4,20,37,45,29,74,,,,October,2018
South-West,460,262,198,68,279,103,10,272,198,0,0,118,152,84,273,,,,October,2018
West,291,164,127,46,168,69,8,164,122,0,5,77,117,37,167,,,,October,2018
Dublin,4129,2299,1830,552,2503,994,80,2002,2162,64,0,1296,1819,772,2816,,,,November,2018
Mid-East,223,131,92,30,135,55,3,110,110,3,0,44,57,31,104,,,,November,2018
Midlands,118,62,56,25,68,21,4,81,37,0,0,43,61,25,103,,,,November,2018
Mid-West,385,239,146,58,211,108,8,136,199,50,0,81,109,53,160,,,,November,2018
North-East,142,92,50,14,86,33,9,60,79,3,0,22,30,14,59,,,,November,2018
North-West,55,38,17,12,25,15,3,17,27,7,4,7,12,2,17,,,,November,2018
South-East,317,211,106,64,159,87,7,106,190,4,17,33,42,24,68,,,,November,2018
South-West,495,284,211,68,301,117,9,289,207,0,0,120,160,80,298,,,,November,2018
West,293,166,127,45,166,75,7,199,88,0,6,82,122,42,186,,,,November,2018
Dublin,4175,2349,1826,565,2523,1006,81,1993,2170,66,0,1252,1764,740,2686,,,,December,2018
Mid-East,232,134,98,32,139,58,3,113,116,3,0,38,48,28,95,,,,December,2018
Midlands,109,58,51,19,67,20,3,72,37,0,0,35,52,18,97,,,,December,2018
Mid-West,355,220,135,52,187,108,8,113,199,43,0,53,75,31,104,,,,December,2018
North-East,141,92,49,19,78,35,9,63,75,3,0,18,24,12,43,,,,December,2018
North-West,46,31,15,10,23,12,1,14,24,6,2,6,12,0,15,,,,December,2018
South-East,319,211,108,66,157,89,7,114,189,2,14,31,39,23,58,,,,December,2018
South-West,491,296,195,65,298,116,12,265,226,0,0,103,144,62,282,,,,December,2018
West,326,193,133,41,181,95,9,192,128,0,6,81,121,41,179,,,,December,2018
Dublin,4258,2428,1830,577,2586,1018,77,2043,2242,72,0,1221,1708,734,2706,,,,January,2019
Mid-East,254,149,105,32,160,59,3,125,126,3,0,40,53,27,105,,,,January,2019
Midlands,111,60,51,19,66,22,4,74,37,0,0,35,51,19,101,,,,January,2019
Mid-West,338,221,117,47,179,103,9,107,190,41,0,64,86,42,119,,,,January,2019
North-East,162,97,65,22,90,41,9,99,62,1,0,25,33,17,55,,,,January,2019
North-West,52,35,17,13,27,11,1,17,24,10,1,10,18,2,25,,,,January,2019
South-East,316,212,104,65,167,76,8,108,194,2,12,30,41,19,51,,,,January,2019
South-West,514,324,190,65,319,117,13,288,235,0,0,108,148,68,283,,,,January,2019
West,358,218,140,53,199,95,11,216,136,0,6,81,121,41,179,,,,January,2019
Dublin,4304,2452,1852,565,2617,1052,70,2052,2281,74,0,1288,1825,751,2806,,,,February,2019
Mid-East,280,169,111,35,173,68,4,177,93,3,7,43,61,25,121,,,,February,2019
Midlands,116,61,55,25,63,25,3,78,38,0,0,35,51,19,98,,,,February,2019
Mid-West,349,224,125,55,186,99,9,117,190,42,0,71,98,44,136,,,,February,2019
North-East,161,96,65,27,84,40,10,95,63,3,0,20,27,13,49,,,,February,2019
North-West,61,41,20,15,31,14,1,27,23,10,1,11,20,2,26,,,,February,2019
South-East,322,210,112,62,169,83,8,116,191,3,12,38,51,25,64,,,,February,2019
South-West,532,324,208,69,328,121,14,302,236,0,0,122,162,82,283,,,,February,2019
West,355,218,137,57,188,100,10,219,130,0,6,79,114,44,201,,,,February,2019
Dublin,4315,2465,1850,567,2627,1058,63,2073,2251,74,0,1297,1836,758,2806,,,,March,2019
Mid-East,283,173,110,27,176,75,5,171,105,3,4,50,73,27,130,,,,March,2019
Midlands,116,56,60,26,61,27,2,80,36,0,0,34,52,16,100,,,,March,2019
Mid-West,347,228,119,57,186,97,7,122,188,37,0,76,102,50,146,,,,March,2019
North-East,173,105,68,27,94,41,11,101,70,2,0,19,28,10,47,,,,March,2019
North-West,55,39,16,12,31,11,1,20,23,9,3,10,18,2,25,,,,March,2019
South-East,313,203,110,61,161,82,9,110,184,3,16,37,52,22,65,,,,March,2019
South-West,534,313,221,64,322,133,15,315,222,0,0,125,167,83,289,,,,March,2019
West,348,206,142,47,190,99,12,215,127,0,6,85,117,53,213,,,,March,2019
Dublin,4401,2538,1863,582,2647,1105,67,2118,2330,69,0,1284,1830,738,2769,,,,April,2019
Mid-East,303,189,114,33,185,76,9,183,113,3,4,59,88,30,144,,,,April,2019
Midlands,122,62,60,29,62,29,2,83,39,0,0,30,45,15,79,,,,April,2019
Mid-West,331,219,112,54,181,89,7,117,176,38,0,75,100,50,139,,,,April,2019
North-East,178,113,65,26,98,41,13,108,69,1,0,18,27,9,42,,,,April,2019
North-West,48,33,15,7,28,11,2,16,20,11,1,8,13,3,22,,,,April,2019
South-East,304,206,98,58,161,77,8,98,186,3,17,38,53,23,67,,,,April,2019
South-West,556,320,236,74,343,125,14,339,222,0,0,137,190,84,314,,,,April,2019
West,341,204,137,40,191,98,12,206,129,0,7,80,109,51,218,,,,April,2019
Dublin,4367,2542,1825,571,2616,1107,73,2097,2316,72,0,1275,1822,728,2771,,,,May,2019
Mid-East,294,178,116,30,177,80,7,177,110,3,4,56,85,27,135,,,,May,2019
Midlands,105,43,62,24,55,23,3,67,38,0,0,20,29,11,54,,,,May,2019
Mid-West,341,224,117,52,188,95,6,116,186,39,0,79,104,54,147,,,,May,2019
North-East,176,115,61,24,99,39,14,104,71,1,0,15,20,10,36,,,,May,2019
North-West,50,36,14,7,29,12,2,12,25,12,1,7,12,2,24,,,,May,2019
South-East,295,194,101,58,151,79,7,85,191,4,15,36,50,22,64,,,,May,2019
South-West,552,322,230,74,332,131,15,350,207,0,0,132,183,81,318,,,,May,2019
West,324,190,134,39,180,94,11,209,108,0,7,80,107,53,200,,,,May,2019
Dublin,4356,2529,1827,572,2600,1112,72,2157,2275,68,0,1249,1784,714,2722,,,,June,2019
Mid-East,294,176,118,31,173,80,10,188,99,3,4,58,86,30,139,,,,June,2019
Midlands,107,51,56,23,57,25,2,68,39,0,0,24,35,13,65,,,,June,2019
Mid-West,332,213,119,39,192,93,8,111,185,36,0,75,100,50,138,,,,June,2019
North-East,182,118,64,23,105,41,13,107,73,1,1,20,27,13,46,,,,June,2019
North-West,55,39,16,7,32,14,2,12,26,10,7,7,11,3,25,,,,June,2019
South-East,284,185,99,56,143,78,7,77,191,4,12,31,43,19,57,,,,June,2019
South-West,550,323,227,72,332,130,16,339,214,0,0,135,178,92,284,,,,June,2019
West,337,192,145,44,186,95,12,215,117,0,5,87,123,51,199,,,,June,2019
Dublin,4300,2448,1852,580,2490,1154,76,2191,2106,73,0,1265,1807,723,2776,,,,July,2019
Mid-East,306,177,129,38,180,79,9,205,94,3,4,68,98,38,163,,,,July,2019
Midlands,119,55,64,29,59,29,2,78,41,0,0,25,36,14,60,,,,July,2019
Mid-West,343,212,131,44,195,96,8,113,189,41,0,81,105,57,154,,,,July,2019
North-East,187,118,69,28,105,42,12,117,69,1,0,19,26,12,41,,,,July,2019
North-West,54,40,14,8,27,16,3,15,24,11,4,7,11,3,24,,,,July,2019
South-East,263,173,90,48,138,71,6,61,177,11,14,33,45,21,60,,,,July,2019
South-West,575,336,239,79,340,141,15,363,212,0,0,143,192,94,315,,,,July,2019
West,350,200,150,51,192,95,12,227,123,0,0,80,117,43,185,,,,July,2019
Dublin,4312,2447,1865,569,2511,1153,79,2260,2078,67,0,1280,1831,729,2850,,,,August,2019
Mid-East,327,193,134,44,193,81,9,223,98,3,4,79,116,42,182,,,,August,2019
Midlands,98,47,51,20,50,28,0,61,12,25,0,22,31,13,49,,,,August,2019
Mid-West,323,202,121,46,170,100,7,103,186,34,0,76,97,55,141,,,,August,2019
North-East,179,106,73,32,102,34,11,112,66,1,0,19,24,14,40,,,,August,2019
North-West,51,35,16,12,27,10,2,10,24,11,6,6,10,2,20,,,,August,2019
South-East,266,170,96,51,136,73,6,64,174,10,18,30,43,17,57,,,,August,2019
South-West,583,345,238,87,338,136,22,375,13,195,0,131,181,81,309,,,,August,2019
West,351,210,141,49,195,95,12,229,122,0,0,83,121,45,200,,,,August,2019
Dublin,4370,2486,1884,582,2535,1175,78,2269,2098,70,0,1294,1862,726,2872,,,,September,2019
Mid-East,316,186,130,49,180,77,10,222,91,3,0,86,126,46,191,,,,September,2019
Midlands,94,43,51,15,54,25,0,58,12,24,0,26,34,18,61,,,,September,2019
Mid-West,324,192,132,53,175,90,6,108,177,40,0,81,105,57,142,,,,September,2019
North-East,169,101,68,34,89,34,12,111,58,0,0,29,37,21,49,,,,September,2019
North-West,55,35,20,8,31,15,1,16,25,12,2,5,9,1,17,,,,September,2019
South-East,256,171,85,57,126,66,7,67,178,10,1,22,32,12,40,,,,September,2019
South-West,592,356,236,94,322,155,21,356,237,0,0,124,167,81,288,,,,September,2019
West,348,211,137,44,194,97,13,218,128,0,2,89,129,49,213,,,,September,2019
Dublin,4534,2658,1876,583,2671,1201,79,2260,2321,65,0,1270,1840,700,2795,,,,October,2019
Mid-East,319,191,128,49,173,85,12,214,102,3,0,86,127,45,198,,,,October,2019
Midlands,96,46,50,18,55,23,0,59,12,25,0,23,29,17,55,,,,October,2019
Mid-West,345,203,142,53,195,91,6,128,180,37,0,88,114,62,163,,,,October,2019
North-East,144,87,57,28,76,30,10,92,52,0,0,27,34,20,47,,,,October,2019
North-West,65,44,21,12,37,15,1,20,29,13,3,8,11,5,19,,,,October,2019
South-East,237,161,76,46,114,69,8,70,156,3,8,21,30,12,46,,,,October,2019
South-West,608,378,230,79,346,159,24,360,248,0,0,125,173,77,291,,,,October,2019
West,340,196,144,41,192,93,14,214,121,0,5,85,126,44,212,,,,October,2019
Dublin,4509,2636,1873,557,2635,1228,89,2372,2314,64,0,1256,1822,690,2782,,,,November,2019
Mid-East,322,197,125,43,183,85,11,199,120,3,0,82,121,43,190,,,,November,2019
Midlands,97,45,52,20,53,24,0,60,12,25,0,25,32,18,55,,,,November,2019
Mid-West,369,222,147,49,214,98,8,137,190,42,0,76,99,53,140,,,,November,2019
North-East,141,85,56,24,75,32,10,84,57,0,0,20,23,17,33,,,,November,2019
North-West,67,49,18,11,39,16,1,22,30,11,4,6,8,4,17,,,,November,2019
South-East,238,170,68,44,120,65,9,59,169,0,10,15,21,9,31,,,,November,2019
South-West,592,361,231,81,351,139,21,338,254,0,0,119,168,70,289,,,,November,2019
West,361,208,153,53,197,95,16,223,136,0,2,86,128,44,215,,,,November,2019
Dublin,4509,2636,1873,557,2635,1228,89,2372,2314,64,0,1256,1822,690,2782,,,,December,2019
Mid-East,322,197,125,43,183,85,11,199,120,3,0,82,121,43,190,,,,December,2019
Midlands,97,45,52,20,53,24,0,60,12,25,0,25,32,18,55,,,,December,2019
Mid-West,369,222,147,49,214,98,8,137,190,42,0,76,99,53,140,,,,December,2019
North-East,141,85,56,24,75,32,10,84,57,0,0,20,23,17,33,,,,December,2019
North-West,67,49,18,11,39,16,1,22,30,11,4,6,8,4,17,,,,December,2019
South-East,238,170,68,44,120,65,9,59,169,0,10,15,21,9,31,,,,December,2019
South-West,592,361,231,81,351,139,21,338,254,0,0,119,168,70,289,,,,December,2019
West,361,208,153,53,197,95,16,223,136,0,2,86,128,44,215,,,,December,2019
Dublin,4129,2693,1436,475,2375,1213,66,2273,1952,34,0,716,1083,349,1760,,,,February,2020
Mid-East,335,221,114,50,181,94,10,201,131,3,0,54,73,35,150,,,,February,2020
Midlands,74,42,32,21,38,14,1,48,9,17,0,17,20,14,37,,,,February,2020
Mid-West,293,203,90,33,177,79,4,68,192,33,0,29,37,21,47,,,,February,2020
North-East,97,76,21,15,50,24,8,25,47,25,0,1,1,1,3,,,,February,2020
North-West,84,60,24,17,47,19,1,36,32,15,1,5,7,3,8,,,,February,2020
South-East,180,134,46,32,85,54,9,56,124,0,0,19,26,12,32,,,,February,2020
South-West,503,359,144,77,276,139,11,338,173,0,0,42,61,23,107,,,,February,2020
West,279,163,116,56,142,74,7,133,146,0,0,52,76,27,120,,,,February,2020
Dublin,4600,2773,1827,577,2687,1250,86,2349,2278,62,0,1201,1735,667,2678,,,,January,2020
Mid-East,301,186,115,40,160,90,11,183,114,4,0,68,98,38,156,,,,January,2020
Midlands,109,58,51,22,58,28,1,73,12,24,0,25,34,16,56,,,,January,2020
Mid-West,341,208,133,48,189,97,7,121,182,38,0,85,106,64,147,,,,January,2020
North-East,128,77,51,18,63,36,11,70,56,2,0,22,25,19,32,,,,January,2020
North-West,67,45,22,14,34,18,1,19,31,11,6,9,11,7,21,,,,January,2020
South-East,222,160,62,35,122,56,9,58,162,0,2,11,14,8,21,,,,January,2020
South-West,578,358,220,73,342,138,25,328,254,0,0,111,159,63,264,,,,January,2020
West,351,202,149,42,195,101,13,205,144,0,2,79,115,43,199,,,,January,2020
Dublin,4515,2773,1742,524,2662,1241,88,2442,2102,54,0,1103,1609,597,2491,,,,March,2020
Mid-East,317,191,126,44,174,88,11,192,121,4,0,81,114,48,184,,,,March,2020
Midlands,97,53,44,20,51,25,1,63,12,22,0,17,23,11,38,,,,March,2020
Mid-West,331,199,132,51,178,95,7,115,184,32,0,78,95,61,133,,,,March,2020
North-East,112,64,48,18,55,27,12,64,48,0,0,16,21,11,28,,,,March,2020
North-West,69,50,19,11,38,19,1,27,32,10,0,7,10,4,14,,,,March,2020
South-East,218,162,56,33,121,55,9,51,164,0,3,12,14,10,18,,,,March,2020
South-West,550,345,205,76,320,128,26,328,223,0,0,94,136,52,229,,,,March,2020
West,343,190,153,51,186,91,15,212,131,0,0,80,116,44,220,,,,March,2020
Dublin,4266,2652,1614,475,2514,1190,87,2335,1902,42,0,974,1413,535,2232,,,,April,2020
Mid-East,335,211,124,46,183,96,10,208,123,4,0,72,104,40,168,,,,April,2020
Midlands,98,58,40,25,50,21,2,67,12,19,0,17,24,10,47,,,,April,2020
Mid-West,330,211,119,40,182,100,8,112,179,36,3,82,103,61,144,,,,April,2020
North-East,110,64,46,18,54,25,13,61,49,0,0,14,18,10,30,,,,April,2020
North-West,71,51,20,12,39,19,1,29,31,11,0,3,3,3,12,,,,April,2020
South-East,218,160,58,33,117,60,8,57,160,0,1,12,15,9,19,,,,April,2020
South-West,511,324,187,53,308,128,22,338,174,0,0,84,119,49,207,,,,April,2020
West,323,184,139,47,174,89,13,198,125,0,0,81,116,46,214,,,,April,2020
Dublin,4164,2641,1523,450,2434,1198,82,2336,1856,39,0,893,1309,477,2065,,,,May,2020
Mid-East,318,207,111,42,170,98,8,201,113,4,0,63,92,34,138,,,,May,2020
Midlands,92,57,35,14,54,21,3,65,11,16,0,17,24,10,43,,,,May,2020
Mid-West,300,195,105,40,161,91,8,98,170,32,0,55,69,41,89,,,,May,2020
North-East,119,75,44,17,65,25,12,32,51,36,0,17,21,13,24,,,,May,2020
North-West,70,53,17,11,39,19,1,28,32,10,0,5,7,3,12,,,,May,2020
South-East,201,146,55,34,106,55,6,51,150,0,0,11,14,8,14,,,,May,2020
South-West,511,320,191,55,307,131,18,337,175,0,0,84,121,47,213,,,,May,2020
West,314,174,140,46,171,87,10,169,143,0,2,72,107,37,189,,,,May,2020
Dublin,4173,2640,1533,481,2439,1197,56,2299,1889,39,0,871,1276,466,1979,,,,June,2020
Mid-East,309,197,112,41,166,94,8,210,105,4,0,61,86,36,146,,,,June,2020
Midlands,97,56,41,15,61,20,1,71,10,16,0,17,24,10,42,,,,June,2020
Mid-West,291,193,98,38,161,84,8,90,169,32,0,46,59,33,78,,,,June,2020
North-East,119,76,43,18,65,24,12,32,52,35,0,16,21,11,34,,,,June,2020
North-West,69,53,16,12,38,18,1,28,30,10,1,5,7,3,12,,,,June,2020
South-East,189,141,48,27,102,54,6,49,140,0,0,10,12,8,13,,,,June,2020
South-West,502,334,168,52,312,120,18,312,191,0,0,68,100,36,179,,,,June,2020
West,297,165,132,47,159,79,12,158,139,0,0,65,97,33,170,,,,June,2020
Dublin,4188,2668,1520,480,2436,1200,72,2315,1888,38,0,862,1269,455,2017,,,,July,2020
Mid-East,316,206,110,45,168,92,11,195,117,4,0,55,78,32,134,,,,July,2020
Midlands,95,58,37,18,57,19,1,68,10,17,0,19,25,13,44,,,,July,2020
Mid-West,289,202,87,36,163,83,7,82,173,34,0,45,60,30,70,,,,July,2020
North-East,129,85,44,20,78,21,10,53,64,12,0,21,29,13,31,,,,July,2020
North-West,73,53,20,14,40,18,1,27,31,11,4,3,4,2,9,,,,July,2020
South-East,187,138,49,30,100,51,6,48,139,0,0,9,11,7,12,,,,July,2020
South-West,514,345,169,59,301,135,19,326,192,0,0,66,95,37,170,,,,July,2020
West,286,160,126,51,145,78,12,155,131,0,0,62,93,31,164,,,,July,2020
Dublin,4204,2695,1509,481,2432,1221,70,2334,1879,34,0,856,1242,470,2023,,,,August,2020
Mid-East,303,193,110,45,165,82,11,194,105,4,0,51,73,29,132,,,,August,2020
Midlands,92,56,36,20,52,19,1,66,10,16,0,19,24,14,45,,,,August,2020
Mid-West,291,199,92,34,173,76,8,83,171,37,0,41,56,26,62,,,,August,2020
North-East,126,85,41,19,74,21,12,40,50,36,0,14,18,10,25,,,,August,2020
North-West,67,45,22,14,35,17,1,29,28,8,2,5,6,4,11,,,,August,2020
South-East,188,140,48,32,98,51,7,47,141,0,0,13,16,10,20,,,,August,2020
South-West,529,350,179,69,299,138,23,335,197,0,0,62,93,31,157,,,,August,2020
West,282,165,117,49,139,84,10,142,140,0,0,59,91,27,145,,,,August,2020
Dublin,4251,2713,1538,504,2460,1218,69,2395,1865,35,0,865,1257,473,2008,,,,September,2020
Mid-East,295,184,111,48,154,82,11,195,97,4,0,58,80,36,139,,,,September,2020
Midlands,81,48,33,18,45,17,1,52,11,18,0,16,19,13,37,,,,September,2020
Mid-West,291,190,101,33,178,75,5,82,175,34,0,46,62,30,67,,,,September,2020
North-East,102,77,25,13,61,19,9,28,51,23,0,5,6,4,9,,,,September,2020
North-West,74,49,25,15,40,18,1,32,30,10,2,5,6,4,11,,,,September,2020
South-East,195,145,50,32,101,55,7,51,144,0,0,13,17,9,19,,,,September,2020
South-West,532,348,184,73,311,129,19,339,195,0,0,68,95,41,163,,,,September,2020
West,252,145,107,48,125,69,10,128,124,0,0,52,79,25,130,,,,September,2020
Dublin,4297,2762,1535,484,2494,1247,72,2410,1907,35,0,858,1246,470,2070,,,,October,2020
Mid-East,313,192,121,62,169,73,9,208,101,4,0,60,83,37,141,,,,October,2020
Midlands,79,43,36,17,41,19,2,52,11,16,0,22,26,18,48,,,,October,2020
Mid-West,289,193,96,27,177,78,7,80,172,37,0,39,51,27,62,,,,October,2020
North-East,100,73,27,12,57,21,10,27,51,22,0,3,3,3,7,,,,October,2020
North-West,67,44,23,13,37,17,0,29,25,11,2,6,8,4,13,,,,October,2020
South-East,197,149,48,31,105,54,7,53,144,0,0,14,19,9,22,,,,October,2020
South-West,501,338,163,53,290,140,18,340,177,0,0,65,89,41,163,,,,October,2020
West,252,151,101,42,134,67,9,119,133,0,0,50,75,25,116,,,,October,2020
Dublin,4243,2749,1494,487,2458,1228,70,2396,1856,37,0,783,1150,416,1914,,,,November,2020
Mid-East,323,208,115,49,173,90,11,215,104,4,0,60,84,36,134,,,,November,2020
Midlands,79,45,34,19,40,18,2,51,11,17,0,21,26,16,46,,,,November,2020
Mid-West,287,187,100,26,182,74,5,71,183,33,0,34,43,25,53,,,,November,2020
North-East,95,71,24,8,56,22,9,29,43,23,0,9,10,8,17,,,,November,2020
North-West,75,49,26,17,38,19,1,37,25,11,2,7,11,3,16,,,,November,2020
South-East,174,126,48,30,90,48,6,52,122,0,0,16,22,10,25,,,,November,2020
South-West,504,344,160,61,283,143,17,337,171,0,0,58,79,37,142,,,,November,2020
West,252,146,106,48,122,73,9,115,137,0,0,46,71,21,105,,,,November,2020
Dublin,4158,2681,1477,482,2402,1209,65,2360,1795,37,0,755,1131,379,1864,,,,December,2020
Mid-East,310,198,112,43,170,86,11,201,105,3,1,53,71,35,127,,,,December,2020
Midlands,68,38,30,15,34,18,1,39,14,15,0,16,18,14,34,,,,December,2020
Mid-West,274,182,92,26,167,76,5,68,164,42,0,30,37,23,51,,,,December,2020
North-East,89,68,21,11,50,21,7,28,44,17,0,4,4,4,9,,,,December,2020
North-West,72,51,21,18,34,19,1,32,28,11,1,6,8,4,12,,,,December,2020
South-East,169,124,45,26,86,49,8,50,119,0,0,14,19,9,21,,,,December,2020
South-West,485,340,145,57,272,139,17,327,158,0,0,50,71,29,119,,,,December,2020
West,248,146,102,50,120,70,8,108,140,0,0,42,67,17,90,,,,December,2020
Dublin,4175,2724,1451,485,2397,1225,68,2372,1858,33,0,742,1121,363,1823,,,,January,2021
Mid-East,329,218,111,51,172,95,11,206,120,3,0,59,81,37,152,,,,January,2021
Midlands,66,36,30,17,30,17,2,39,11,16,0,14,15,13,31,,,,January,2021
Mid-West,295,200,95,29,181,80,5,71,190,34,0,29,37,21,45,,,,January,2021
North-East,85,66,19,12,43,22,8,25,38,22,0,1,2,0,1,,,,January,2021
North-West,84,61,23,19,45,19,1,36,32,13,3,6,8,4,12,,,,January,2021
South-East,181,132,49,28,94,50,9,58,123,0,0,19,25,13,32,,,,January,2021
South-West,503,354,149,67,282,140,14,342,163,0,0,50,73,27,122,,,,January,2021
West,269,159,110,52,131,78,8,127,142,0,0,46,68,24,108,,,,January,2021
Dublin,4129,2693,1436,475,2375,1213,66,2273,1952,34,0,716,1083,349,1760,,,,February,2021
Mid-East,335,221,114,50,181,94,10,201,131,3,0,54,73,35,150,,,,February,2021
Midlands,74,42,32,21,38,14,1,48,9,17,0,17,20,14,37,,,,February,2021
Mid-West,293,203,90,33,177,79,4,68,192,33,0,29,37,21,47,,,,February,2021
North-East,97,76,21,15,50,24,8,25,47,25,0,1,1,1,3,,,,February,2021
North-West,84,60,24,17,47,19,1,36,32,15,1,5,7,3,8,,,,February,2021
South-East,180,134,46,32,85,54,9,56,124,0,0,19,26,12,32,,,,February,2021
South-West,503,359,144,77,276,139,11,338,173,0,0,42,61,23,107,,,,February,2021
West,279,163,116,56,142,74,7,133,146,0,0,52,76,27,120,,,,February,2021
Dublin,4087,2682,1405,482,2374,1168,63,2289,1823,37,0,699,1047,351,1719,,,,April,2021
Mid-East,350,238,112,51,194,93,12,216,131,3,0,55,80,30,131,,,,April,2021
Midlands,72,45,27,22,38,11,1,46,10,16,0,12,13,11,21,,,,April,2021
Mid-West,288,204,84,27,177,79,5,55,200,33,0,28,34,22,35,,,,April,2021
North-East,97,71,26,15,50,23,9,22,52,23,0,5,8,2,10,,,,April,2021
North-West,74,52,22,10,45,18,1,46,12,14,2,5,6,4,9,,,,April,2021
South-East,175,127,48,26,94,48,7,44,131,0,0,15,22,8,29,,,,April,2021
South-West,483,349,134,61,278,129,15,325,158,0,0,45,56,34,96,,,,April,2021
West,263,162,101,39,141,72,11,111,152,0,0,61,90,32,143,,,,April,2021
Dublin,4054,2654,1400,500,2357,1136,61,2196,1914,26,0,688,1025,351,1659,,,,May,2021
Mid-East,327,223,104,53,172,91,11,197,127,3,0,49,68,30,110,,,,May,2021
Midlands,80,51,29,20,44,15,1,54,10,16,0,13,14,12,24,,,,May,2021
Mid-West,286,198,88,35,173,73,5,51,202,33,0,32,38,26,47,,,,May,2021
North-East,91,67,24,13,46,22,10,22,50,19,0,8,10,6,19,,,,May,2021
North-West,83,55,28,17,44,21,1,38,29,13,3,9,10,8,17,,,,May,2021
South-East,178,132,46,33,98,41,6,40,138,0,0,16,23,9,31,,,,May,2021
South-West,495,348,147,65,279,135,16,324,175,0,0,51,60,42,100,,,,May,2021
West,249,145,104,44,127,70,8,119,130,0,0,62,93,31,141,,,,May,2021
Dublin,4220,2735,1485,695,2327,1133,65,2258,2002,35,0,723,1225,,1710,,,,August,2021
Mid-East,305,199,106,45,154,95,11,184,118,3,0,46,72,,92,,,,August,2021
Midlands,84,54,30,23,43,16,2,58,0,26,0,7,10,,11,,,,August,2021
Mid-West,283,195,88,32,165,80,6,27,222,34,0,30,41,,45,,,,August,2021
North-East,103,76,27,8,60,28,7,19,59,25,0,8,10,,19,,,,August,2021
North-West,70,44,26,18,32,19,1,24,33,13,0,6,7,,10,,,,August,2021
South-East,176,127,49,27,101,43,5,42,134,0,0,17,24,,34,,,,August,2021
South-West,504,357,147,65,278,142,19,339,171,0,0,53,67,,104,,,,August,2021
West,278,162,116,71,126,70,11,158,120,0,0,63,98,,164,,,,August,2021
Dublin,4287,2776,1511,708,2374,1141,64,2329,1997,39,0,752,1268,,,,,,September,2021
Mid-East,318,205,113,51,162,96,9,192,112,3,11,52,84,,,,,,September,2021
Midlands,91,60,31,21,49,18,3,65,0,26,0,6,7,,,,,,September,2021
Mid-West,299,203,96,31,169,93,6,28,240,31,0,32,44,,,,,,September,2021
North-East,75,59,16,5,44,21,5,12,54,8,1,9,11,,,,,,September,2021
North-West,74,51,23,14,38,21,1,27,32,15,0,8,9,,,,,,September,2021
South-East,193,137,56,29,110,48,6,53,140,0,0,18,24,,,,,,September,2021
South-West,512,361,151,65,283,145,19,339,179,0,0,60,76,,,,,,September,2021
West,282,166,116,65,128,74,15,160,122,0,0,68,104,,,,,,September,2021
Dublin,4432,2875,1557,769,2439,1165,59,2465,1986,38,0,799,1347,,1903,,,,October,2021
Mid-East,324,206,118,54,162,98,10,198,122,4,0,55,89,,122,,,,October,2021
Midlands,89,54,35,18,54,15,2,64,0,25,0,10,11,,17,,,,October,2021
Mid-West,282,185,97,35,151,90,6,34,218,30,0,36,50,,61,,,,October,2021
North-East,81,61,20,7,45,24,5,11,63,7,0,9,12,,18,,,,October,2021
North-West,77,50,27,11,43,22,1,31,32,14,0,8,10,,15,,,,October,2021
South-East,201,144,57,36,111,49,5,57,144,0,0,18,25,,38,,,,October,2021
South-West,534,371,163,67,298,151,18,351,185,0,0,68,89,,142,,,,October,2021
West,297,171,126,56,145,79,17,168,129,0,0,79,119,,197,,,,October,2021
Dublin,4069,2669,1400,513,2368,1128,60,2200,1889,27,0,702,1045,359,1684,,,,June,2021
Mid-East,322,215,107,53,164,95,10,196,123,3,0,47,64,30,111,,,,June,2021
Midlands,75,48,27,19,41,14,1,49,10,16,0,12,13,11,22,,,,June,2021
Mid-West,281,195,86,32,171,73,5,50,198,33,0,31,37,25,46,,,,June,2021
North-East,96,72,24,9,52,25,10,21,54,21,0,8,11,5,18,,,,June,2021
North-West,81,55,26,18,40,22,1,37,28,13,3,6,7,5,13,,,,June,2021
South-East,173,130,43,26,100,42,5,35,138,0,0,14,20,8,25,,,,June,2021
South-West,492,351,141,61,272,141,18,333,165,0,0,46,54,38,94,,,,June,2021
West,258,150,108,47,122,79,10,124,134,0,0,66,99,33,154,,,,June,2021
Dublin,4093,2706,1384,459,2392,1179,63,2267,1836,33,0,681,1020,342,,,,,March,2021
Mid-East,338,231,107,51,188,91,8,206,129,3,0,55,76,34,,,,,March,2021
Midlands,67,40,27,19,35,12,1,41,11,15,0,13,14,12,,,,,March,2021
Mid-West,284,197,87,34,174,71,5,59,190,35,0,27,32,22,,,,,March,2021
North-East,85,65,20,14,40,22,9,21,46,18,0,6,9,3,,,,,March,2021
North-West,80,57,23,13,45,21,1,37,30,12,1,4,4,4,,,,,March,2021
South-East,184,133,51,30,94,52,8,52,132,0,0,16,23,9,,,,,March,2021
South-West,486,344,142,74,266,133,13,324,166,0,0,45,62,28,,,,,March,2021
West,277,168,109,44,145,77,11,125,152,0,0,66,94,38,,,,,March,2021
Dublin,4220,2743,1477,668,2385,1111,56,2295,2036,36,0,700,1187,,,,,,July,2021
Mid-East,306,197,109,52,151,92,11,177,122,3,4,46,70,,,,,,July,2021
Midlands,77,50,27,19,46,11,1,51,11,15,0,5,6,,,,,,July,2021
Mid-West,275,189,86,32,155,82,6,31,216,28,0,27,33,,,,,,July,2021
North-East,96,70,26,10,47,32,7,17,57,22,0,8,10,,,,,,July,2021
North-West,77,54,23,17,37,21,2,38,26,13,0,8,9,,,,,,July,2021
South-East,180,129,51,30,101,43,6,40,140,0,0,18,24,,,,,,July,2021
South-West,492,347,145,61,275,138,18,328,167,0,0,52,64,,,,,,July,2021
West,280,163,117,54,129,86,11,155,125,0,0,66,99,,,,,,July,2021
Dublin,4568,2999,1569,797,2501,1208,62,2651,1938,31,0,815,1364,,1930,,,,November,2021
Mid-East,352,220,132,65,168,109,10,213,133,6,0,60,90,,116,,,,November,2021
Midlands,86,51,35,18,54,14,0,63,0,23,0,11,14,,18,,,,November,2021
Mid-West,300,195,105,37,163,94,6,42,226,32,0,41,56,,77,,,,November,2021
North-East,82,61,21,10,42,24,6,20,60,2,0,10,13,,21,,,,November,2021
North-West,73,48,25,12,34,26,1,23,37,13,0,8,11,,17,,,,November,2021
South-East,217,155,62,38,116,55,8,63,154,0,0,21,30,,44,,,,November,2021
South-West,531,372,159,66,295,153,17,349,184,0,0,63,91,,130,,,,November,2021
West,342,206,136,68,162,98,14,182,160,0,0,79,119,,195,,,,November,2021
Dublin,4489,2961,1528,784,2432,1211,62,2553,1960,36,0,802,1356,,1891,,,,December,2021
Mid-East,340,224,116,59,162,108,11,192,140,5,3,55,84,,119,,,,December,2021
Midlands,93,52,41,25,50,17,1,67,0,26,0,15,18,,24,,,,December,2021
Mid-West,308,196,112,41,166,94,7,46,228,34,0,46,60,,69,,,,December,2021
North-East,82,61,21,10,46,20,6,13,59,10,0,10,12,,27,,,,December,2021
North-West,61,41,20,9,32,19,1,17,31,13,0,7,8,,10,,,,December,2021
South-East,214,162,52,38,118,50,8,66,148,0,0,24,32,,45,,,,December,2021
South-West,528,373,155,61,302,148,17,357,171,0,0,55,77,,113,,,,December,2021
West,351,215,136,63,190,86,12,165,186,0,0,63,97,,153,,,,December,2021
Dublin,4711,3055,1656,830,2543,1269,69,2690,1986,35,0,851,409,1455,1996,,,,February,2022
Mid-East,385,253,132,73,185,115,12,254,123,5,3,62,34,104,130,,,,February,2022
Midlands,100,57,43,20,60,18,2,68,0,32,0,19,13,25,31,,,,February,2022
Mid-West,327,200,127,45,177,94,11,58,235,34,0,50,38,62,93,,,,February,2022
North-East,85,60,25,13,43,24,5,15,60,10,0,13,9,17,29,,,,February,2022
North-West,75,50,25,14,43,16,2,27,34,14,0,11,8,14,17,,,,February,2022
South-East,241,169,72,44,132,56,9,81,160,0,0,30,23,37,51,,,,February,2022
South-West,586,403,183,62,346,162,16,386,200,0,0,71,47,95,148,,,,February,2022
West,315,193,122,58,161,84,12,161,154,0,0,73,37,109,172,,,,February,2022
Dublin,4580,2988,1592,804,2470,1242,64,2592,2011,35,0,821,404,1386,1928,,,,January,2022
Mid-East,344,229,115,58,165,109,12,203,133,5,3,53,31,81,122,,,,January,2022
Midlands,95,48,47,25,56,13,1,70,0,25,0,18,13,23,28,,,,January,2022
Mid-West,321,201,120,43,180,89,9,55,230,36,0,50,38,62,89,,,,January,2022
North-East,80,60,20,15,40,20,5,13,55,12,0,12,10,14,36,,,,January,2022
North-West,71,47,24,13,38,19,1,24,32,15,0,11,9,13,16,,,,January,2022
South-East,215,156,59,40,114,54,7,65,150,0,0,23,19,27,35,,,,January,2022
South-West,552,396,156,54,320,159,19,368,186,0,0,56,32,80,125,,,,January,2022
West,329,198,131,59,169,89,12,170,159,0,0,75,38,113,184,,,,January,2022
Dublin,4886,3162,1724,893,2599,1326,68,2823,2103,37,0,901,445,1543,2109,,,,March,2022
Mid-East,385,241,144,76,182,112,15,234,142,5,4,71,36,120,159,,,,March,2022
Midlands,105,57,48,19,65,14,7,71,0,34,0,21,16,26,34,,,,March,2022
Mid-West,330,207,123,41,175,104,10,67,233,31,0,51,36,91,102,,,,March,2022
North-East,84,59,25,15,43,21,5,23,52,9,0,14,10,18,32,,,,March,2022
North-West,77,49,28,14,46,15,2,26,34,17,0,13,11,15,20,,,,March,2022
South-East,246,175,71,43,134,60,9,80,166,0,0,28,23,33,50,,,,March,2022
South-West,570,401,169,66,327,164,13,376,197,0,0,64,38,95,127,,,,March,2022
West,331,197,134,63,166,88,14,181,150,0,0,75,36,116,178,,,,March,2022
Dublin,4991,3218,1773,918,2666,1340,67,2884,2117,36,0,956,1626,473,2209,2912,1227,852,April,2022
Mid-East,405,257,148,78,199,113,15,243,153,5,4,76,128,40,173,283,71,51,April,2022
Midlands,101,52,49,19,57,23,2,66,0,34,1,22,27,17,42,83,11,7,April,2022
Mid-West,341,212,129,43,189,97,12,76,233,32,0,57,78,42,109,284,41,16,April,2022
North-East,89,58,31,12,48,22,7,33,55,1,0,11,16,7,24,74,13,2,April,2022
North-West,76,48,28,11,44,19,2,31,28,17,0,11,13,9,18,61,10,5,April,2022
South-East,246,175,71,43,139,56,8,79,167,0,0,30,39,22,54,202,27,17,April,2022
South-West,549,384,165,66,307,163,13,361,192,0,0,73,113,44,141,422,67,60,April,2022
West,307,183,124,56,146,92,13,177,130,0,0,72,108,37,174,252,29,26,April,2022
Dublin,5173,3352,1821,943,2770,1384,76,3030,2178,37,0,972,1654,487,2259,2984,1288,901,May,2022
Mid-East,410,262,148,75,194,122,19,248,154,4,4,77,137,34,158,274,80,56,May,2022
Midlands,105,52,53,18,63,21,3,67,0,38,0,26,32,20,46,90,9,6,May,2022
Mid-West,359,218,141,40,199,110,10,93,227,39,0,71,94,55,135,293,41,25,May,2022
North-East,94,70,24,11,53,23,7,38,55,1,0,23,43,5,44,72,17,5,May,2022
North-West,76,50,26,8,43,23,2,32,32,12,0,10,13,7,16,62,12,2,May,2022
South-East,243,180,63,38,140,57,8,81,162,0,0,30,38,23,49,205,27,11,May,2022
South-West,547,379,168,56,304,172,15,350,199,0,0,72,105,45,109,415,68,64,May,2022
West,290,162,128,53,142,84,11,180,110,0,0,85,127,44,212,241,28,21,May,2022
Dublin,5258,3416,1842,934,2834,1411,79,3083,2180,35,0,990,1661,502,2274,3002,1318,938,June,2022
Mid-East,414,271,143,74,201,122,17,254,152,4,4,77,134,35,156,288,76,50,June,2022
Midlands,110,54,56,19,65,22,4,73,0,37,0,29,37,21,50,92,12,6,June,2022
Mid-West,373,220,153,45,210,107,11,105,240,38,0,75,103,59,140,305,39,29,June,2022
North-East,96,65,31,11,56,23,6,26,70,0,0,13,22,6,30,76,13,7,June,2022
North-West,79,51,28,6,50,21,2,32,35,12,0,11,14,8,19,65,11,3,June,2022
South-East,248,179,69,41,144,57,6,84,164,0,0,28,38,20,51,205,26,17,June,2022
South-West,555,376,179,65,313,164,13,356,202,0,0,74,106,49,145,421,76,58,June,2022
West,288,157,131,51,142,84,11,175,113,0,0,88,129,50,206,236,27,25,June,2022
Dublin,5209,3359,1850,913,2789,1426,81,3045,2166,34,0,1016,1700,517,2339,2951,1287,971,July,2022
Mid-East,410,259,151,75,197,122,16,258,144,4,4,86,143,44,158,294,67,49,July,2022
Midlands,127,67,60,17,78,29,3,89,0,38,0,32,44,22,58,100,12,15,July,2022
Mid-West,374,223,151,47,201,113,13,105,238,39,0,78,98,64,145,318,36,20,July,2022
North-East,99,68,31,11,57,25,6,29,66,4,0,13,22,6,33,72,17,10,July,2022
North-West,84,57,27,8,53,20,3,37,36,11,0,11,15,7,22,68,12,4,July,2022
South-East,250,181,69,44,142,54,10,79,171,0,0,27,35,20,46,203,35,12,July,2022
South-West,585,394,191,72,329,169,15,369,220,0,0,74,108,50,145,426,88,71,July,2022
West,293,163,130,52,147,83,11,184,109,0,0,86,126,52,191,240,31,22,July,2022
Dublin,5326,3427,1899,943,2843,1459,81,3287,2193,36,0,1067,1789,552,2406,3006,1309,1011,August,2022
Mid-East,401,258,143,65,199,118,19,235,158,4,4,77,127,39,142,291,69,41,August,2022
Midlands,131,66,65,19,82,28,2,92,0,39,0,35,49,24,59,97,17,17,August,2022
Mid-West,391,245,146,55,211,112,13,119,242,36,0,85,117,64,158,322,43,26,August,2022
North-East,108,72,36,17,61,24,6,39,69,4,0,16,27,8,38,80,18,10,August,2022
North-West,89,56,33,11,55,18,5,42,35,12,0,11,15,7,22,67,18,4,August,2022
South-East,252,175,77,39,148,54,11,83,169,0,0,26,33,19,44,207,33,12,August,2022
South-West,573,383,190,69,329,158,17,353,223,0,0,74,111,47,146,428,80,65,August,2022
West,314,172,142,56,150,98,10,194,119,0,1,92,133,54,205,258,33,23,August,2022
Dublin,5356,3427,1929,931,2865,1478,82,3235,2257,36,0,1081,1815,565,2429,2992,1324,1040,September,2022
Mid-East,421,273,148,73,200,128,20,251,162,4,4,77,133,35,152,293,78,50,September,2022
Midlands,141,71,70,17,93,28,3,101,0,40,0,39,52,27,69,106,16,19,September,2022
Mid-West,387,226,161,54,217,105,11,121,236,39,0,91,124,68,180,309,47,31,September,2022
North-East,119,74,45,17,71,24,7,65,51,3,0,25,42,15,61,74,27,18,September,2022
North-West,110,66,44,15,67,22,6,59,38,13,0,16,23,10,39,87,18,5,September,2022
South-East,231,162,69,32,139,49,11,67,164,0,0,25,29,21,42,198,24,9,September,2022
South-West,565,368,197,69,321,160,15,348,219,0,0,83,121,57,161,419,81,65,September,2022
West,303,165,138,55,143,94,11,192,110,1,0,95,136,57,209,252,33,18,September,2022
Dublin,5558,3526,2032,959,2975,1542,82,3149,2371,38,0,1120,1885,580,2529,3090,1377,1091,October,2022
Mid-East,428,269,159,76,203,129,20,265,156,3,4,85,149,39,158,290,85,53,October,2022
Midlands,147,66,81,24,89,31,3,107,0,40,0,44,55,34,77,110,17,20,October,2022
Mid-West,425,253,172,62,236,115,12,139,257,44,0,98,136,69,194,341,48,36,October,2022
North-East,119,78,41,18,68,27,6,43,73,3,0,27,45,15,60,86,20,13,October,2022
North-West,101,65,36,14,66,16,5,57,32,12,0,17,27,9,39,81,15,5,October,2022
South-East,224,158,66,35,134,47,8,63,162,0,0,20,24,17,39,189,25,10,October,2022
South-West,592,387,205,69,335,173,15,374,224,0,0,89,129,60,164,433,85,74,October,2022
West,323,172,151,61,152,99,11,211,112,0,0,101,147,59,220,266,38,19,October,2022
Dublin,5655,3593,2062,980,3011,1571,93,3255,2363,37,0,1134,1914,586,2549,3141,1404,1110,November,2022
Mid-East,428,269,159,76,206,125,21,253,169,3,3,88,152,40,163,274,96,58,November,2022
Midlands,144,69,75,26,83,32,3,106,0,36,2,41,51,32,72,111,18,15,November,2022
Mid-West,425,255,170,65,240,109,11,137,260,35,0,99,135,68,189,336,53,36,November,2022
North-East,139,89,50,29,74,30,6,55,82,2,0,29,49,16,66,97,28,14,November,2022
North-West,104,68,36,14,62,24,4,56,36,12,0,15,24,8,34,86,15,3,November,2022
South-East,228,166,62,42,130,49,7,61,166,0,2,17,20,15,30,195,22,11,November,2022
South-West,595,386,209,76,320,184,15,373,226,0,0,89,127,59,166,425,88,82,November,2022
West,330,175,155,63,162,96,9,210,120,0,0,104,153,60,225,268,40,22,November,2022
Dublin,5793,3689,2104,1010,3099,1595,89,3381,2377,35,0,1148,1960,581,2583,3175,1476,1142,December,2022
Mid-East,441,286,155,73,216,130,22,244,196,3,0,83,141,38,148,291,90,60,December,2022
Midlands,153,76,77,26,89,34,4,108,0,43,2,37,47,28,67,114,22,17,December,2022
Mid-West,419,258,161,61,246,101,11,116,269,55,0,90,123,61,167,339,47,33,December,2022
North-East,148,93,55,24,83,34,7,70,77,2,0,31,52,17,65,98,27,23,December,2022
North-West,114,73,41,17,67,26,4,63,35,16,0,12,19,7,27,93,16,5,December,2022
South-East,231,165,66,36,131,57,7,57,176,0,0,14,17,12,24,190,27,14,December,2022
South-West,564,372,192,77,299,174,14,353,212,0,0,79,112,53,148,401,84,79,December,2022
West,327,174,153,63,148,107,9,205,122,0,0,100,148,59,213,270,37,20,December,2022
Dublin,6012,3864,2148,1073,3167,1677,95,3579,2400,33,0,1169,2008,605,2576,3286,1524,1202,February,2023
Mid-East,423,281,142,76,206,123,18,232,185,5,3,75,126,37,134,275,85,63,February,2023
Midlands,143,68,75,36,75,25,4,103,0,40,0,36,47,26,69,107,16,20,February,2023
Mid-West,409,246,163,62,218,112,17,119,273,54,0,89,118,64,151,337,44,28,February,2023
North-East,155,100,55,24,86,39,6,71,83,2,0,29,46,18,58,109,22,24,February,2023
North-West,116,76,40,12,73,27,4,69,31,16,0,12,19,6,30,94,19,3,February,2023
South-East,222,149,73,40,117,57,8,49,173,0,0,15,20,10,27,185,27,10,February,2023
South-West,578,390,188,75,312,176,15,358,221,0,0,80,113,56,149,407,91,80,February,2023
West,311,168,143,56,150,92,13,204,107,0,0,94,136,54,179,257,34,20,February,2023
Dublin,5946,3816,2130,1054,3163,1637,92,3575,2335,36,0,1165,2003,596,2577,3250,1506,1190,January,2023
Mid-East,437,281,156,81,218,120,18,247,185,5,3,81,140,40,150,290,81,66,January,2023
Midlands,148,70,78,25,83,36,4,103,0,43,3,34,44,25,61,112,17,19,January,2023
Mid-West,414,254,160,62,232,108,12,112,272,59,0,89,118,64,152,337,45,32,January,2023
North-East,143,91,52,26,78,33,6,65,76,2,0,27,44,16,58,101,22,20,January,2023
North-West,108,68,40,11,67,27,3,61,32,15,0,15,23,9,35,87,17,4,January,2023
South-East,221,151,70,36,124,55,6,58,164,0,0,17,22,12,35,178,30,13,January,2023
South-West,585,386,199,68,326,174,17,367,222,0,0,86,123,58,162,419,88,78,January,2023
West,321,170,151,60,155,97,9,204,117,0,0,95,136,58,201,268,34,19,January,2023
Dublin,6137,3956,2181,1086,3253,1701,97,3667,2434,36,0,1203,2065,620,2638,3343,1556,1238,March,2023
Mid-East,440,286,154,85,212,124,19,246,187,5,3,85,139,44,158,290,84,66,March,2023
Midlands,157,77,80,30,85,39,3,118,0,39,0,39,56,23,71,120,16,21,March,2023
Mid-West,412,251,161,61,214,122,15,113,282,26,0,91,119,66,153,337,43,32,March,2023
North-East,147,92,55,20,82,38,7,72,75,2,0,24,36,15,56,103,17,27,March,2023
North-West,111,72,39,9,70,28,4,64,32,15,0,15,23,9,40,89,16,6,March,2023
South-East,225,154,71,34,123,62,6,50,176,0,0,17,22,12,27,189,25,11,March,2023
South-West,562,375,188,66,313,170,13,356,208,0,0,77,107,55,147,410,78,74,March,2023
West,325,175,150,65,158,91,11,208,116,1,0,88,126,54,182,266,37,22,March,2023
Dublin,6288,4005,2283,1119,3337,1734,98,3798,2456,34,0,1263,2160,667,2722,3407,1592,1289,April,2023
Mid-East,436,276,160,77,210,129,20,258,172,5,3,88,141,48,157,280,93,63,April,2023
Midlands,163,81,82,30,87,42,4,124,0,39,0,36,54,19,70,128,14,21,April,2023
Mid-West,405,247,158,61,205,128,11,122,268,28,0,92,123,65,151,324,51,30,April,2023
North-East,159,97,62,29,78,43,9,80,76,4,0,28,45,17,58,113,20,26,April,2023
North-West,109,73,36,10,72,24,3,66,29,14,0,14,19,10,38,89,14,6,April,2023
South-East,233,150,83,32,135,57,9,71,163,0,0,26,32,20,40,200,22,11,April,2023
South-West,559,359,200,66,318,165,10,352,208,0,0,88,125,65,171,418,74,67,April,2023
West,313,164,149,67,149,90,7,210,103,0,0,88,130,51,187,249,54,10,April,2023
Dublin,6358,4031,2327,1128,3369,1758,103,3867,2458,33,0,1295,2217,691,2802,3377,1625,1356,May,2023
Mid-East,424,267,157,80,196,129,19,255,164,5,3,87,138,46,160,282,91,51,May,2023
Midlands,170,88,82,31,86,48,5,135,0,35,0,35,53,19,65,133,16,21,May,2023
Mid-West,402,244,158,63,201,129,9,118,269,34,0,89,120,64,145,324,46,32,May,2023
North-East,153,90,63,26,74,46,7,82,72,2,0,25,43,13,44,107,21,25,May,2023
North-West,122,78,44,10,82,27,3,74,35,13,0,20,25,15,48,99,17,6,May,2023
South-East,232,154,78,31,140,54,7,147,85,0,0,32,38,26,49,196,22,14,May,2023
South-West,557,355,202,70,317,160,10,365,195,0,0,93,131,65,184,399,79,79,May,2023
West,324,165,159,67,162,88,7,232,92,0,0,94,139,53,202,258,39,27,May,2023
Dublin,6424,4062,2362,1123,3439,1757,105,3933,2456,35,0,1313,2232,711,2841,3399,1633,1392,June,2023
Mid-East,418,263,155,81,188,126,23,245,166,5,3,89,143,51,159,276,83,59,June,2023
Midlands,169,91,78,30,85,48,6,128,0,41,0,34,51,18,64,129,18,22,June,2023
Mid-West,405,240,165,61,210,124,10,128,262,29,0,89,121,63,146,325,48,32,June,2023
North-East,165,90,75,28,86,43,8,89,77,0,2,35,56,18,69,116,23,26,June,2023
North-West,110,74,36,14,65,28,3,61,36,13,0,13,16,10,29,89,16,5,June,2023
South-East,234,156,78,34,141,52,7,145,89,0,0,37,46,28,58,191,31,12,June,2023
South-West,570,358,212,74,334,149,13,376,196,0,0,97,147,60,196,272,42,26,June,2023
West,340,177,163,72,155,106,7,253,83,3,1,97,143,54,203,,,,June,2023
Dublin,6576,4150,2426,1165,3538,1772,101,4045,2491,40,0,1347,2302,738,2908,3461,1675,1440,July,2023
Mid-East,426,267,159,87,191,129,19,260,160,5,3,87,138,49,160,290,80,56,July,2023
Midlands,160,87,73,31,77,47,5,118,0,42,0,32,46,19,55,123,17,20,July,2023
Mid-West,399,230,169,61,215,114,9,121,263,25,0,90,126,62,149,315,50,34,July,2023
North-East,177,94,83,33,92,43,9,82,70,5,24,38,59,21,70,119,29,29,July,2023
North-West,120,79,41,13,71,28,9,77,28,15,0,15,18,12,35,99,17,4,July,2023
South-East,242,163,79,30,147,56,8,69,173,0,0,33,41,25,45,203,29,10,July,2023
South-West,563,357,206,65,333,152,13,373,191,0,0,96,144,61,195,398,88,77,July,2023
West,355,194,161,75,172,100,8,269,86,0,0,101,151,58,212,284,43,28,July,2023
Dublin,6305,3910,2395,1129,3324,1752,100,3823,2446,36,0,1370,2339,753,2964,3247,1600,1458,August,2023
Mid-East,438,222,216,85,197,136,20,269,164,5,3,90,139,49,159,292,87,59,August,2023
Midlands,162,87,75,29,76,52,5,124,0,37,1,39,57,22,69,122,18,22,August,2023
Mid-West,396,229,167,53,222,113,8,117,262,20,0,88,118,63,139,307,51,38,August,2023
North-East,183,99,84,32,95,47,9,96,74,2,14,38,62,24,87,118,30,35,August,2023
North-West,122,80,42,14,75,29,4,73,32,17,0,17,21,14,44,99,17,6,August,2023
South-East,242,157,85,31,141,62,8,67,176,0,0,40,50,31,59,202,29,11,August,2023
South-West,577,364,213,72,341,152,12,390,188,0,0,100,159,62,195,405,89,83,August,2023
West,371,207,164,75,179,107,10,273,95,2,1,104,161,55,179,294,46,31,August,2023
Dublin,6425,3998,2427,1136,3411,1779,99,3975,2413,37,0,1377,2340,761,2966,3267,1635,1523,September,2023
Mid-East,421,255,166,78,193,129,21,258,155,5,3,98,159,57,161,274,87,60,September,2023
Midlands,169,89,80,27,80,57,5,123,0,40,6,40,55,26,57,125,23,21,September,2023
Mid-West,411,237,174,59,221,121,10,128,266,26,0,87,117,61,137,315,58,38,September,2023
North-East,185,98,87,28,102,45,10,93,75,2,18,34,55,22,83,116,33,36,September,2023
North-West,126,83,43,16,76,29,5,77,32,17,0,14,20,9,29,101,19,6,September,2023
South-East,257,165,92,33,145,70,9,76,181,0,0,38,46,30,50,217,29,11,September,2023
South-West,577,360,217,63,345,155,14,391,188,0,0,103,156,67,201,406,87,84,September,2023
West,352,193,159,70,178,93,11,255,96,2,1,101,153,56,220,280,40,32,September,2023
Dublin,6653,4176,2477,1168,3534,1847,104,4197,2419,37,3,1419,2415,776,3060,3332,1724,1597,October,2023
Mid-East,416,251,165,70,187,135,24,258,152,3,3,92,144,57,147,278,88,50,October,2023
Midlands,166,86,80,26,76,59,5,90,0,70,6,35,46,24,55,120,26,20,October,2023
Mid-West,406,233,173,62,206,128,10,125,265,29,0,80,104,59,122,322,53,31,October,2023
North-East,198,106,92,33,106,49,10,110,88,3,0,42,75,24,89,114,37,47,October,2023
North-West,130,88,42,16,73,34,7,82,32,16,0,13,20,8,29,104,18,8,October,2023
South-East,275,178,97,33,153,82,7,85,190,0,0,45,58,33,62,226,31,18,October,2023
South-West,584,367,217,73,338,161,12,387,198,0,0,105,162,67,207,411,82,91,October,2023
West,360,198,162,76,177,96,11,266,94,0,0,108,164,59,220,280,46,34,October,2023
Dublin,6790,4274,2516,1186,3625,1874,105,4400,2351,39,0,1445,2474,771,3116,3374,1754,1662,November,2023
Mid-East,427,255,172,73,187,145,22,263,161,3,3,100,156,62,157,283,90,54,November,2023
Midlands,168,89,79,25,81,58,4,127,6,35,0,37,49,25,65,126,22,20,November,2023
Mid-West,430,246,184,69,223,129,9,145,271,20,0,91,129,63,149,339,55,36,November,2023
North-East,209,109,100,36,102,59,12,120,86,4,0,49,84,33,99,123,42,44,November,2023
North-West,144,97,47,15,82,39,8,96,43,5,0,15,21,10,33,110,24,10,November,2023
South-East,277,173,104,72,157,79,5,83,194,0,0,51,63,41,73,221,36,20,November,2023
South-West,590,377,213,75,344,158,16,398,192,0,0,107,168,69,204,418,87,85,November,2023
West,374,206,168,,188,99,12,274,99,0,1,105,155,60,209,284,57,33,November,2023
Dublin,6754,4250,2504,1174,3599,1872,109,4443,2274,37,0,1400,2424,736,3020,3307,1745,1702,December,2023
Mid-East,417,257,160,78,180,139,20,261,150,3,3,88,140,49,145,276,88,53,December,2023
Midlands,169,96,73,22,85,59,3,126,0,37,6,33,43,23,58,130,20,19,December,2023
Mid-West,426,239,187,73,217,125,11,144,265,25,0,87,123,63,135,344,51,31,December,2023
North-East,194,101,93,33,92,61,8,113,79,2,0,38,55,26,75,128,33,33,December,2023
North-West,142,94,48,15,77,42,8,94,33,15,0,19,26,13,48,106,26,10,December,2023
South-East,267,172,95,39,153,69,6,81,186,0,0,39,50,30,58,213,33,21,December,2023
South-West,582,373,209,70,337,157,18,385,198,0,0,105,157,71,198,416,78,88,December,2023
West,405,226,179,77,200,112,16,288,93,24,0,107,167,54,225,308,64,33,December,2023
,,,,,,,,264774,,,,,,,,,,,,
